timestamp,open,target_value,volume,item_id
2012-09-04,95.108574,96.424286,91973000,0
2012-09-05,96.510002,95.747147,84093800,1
2012-09-06,96.167145,96.610001,97799100,2
2012-09-07,96.864288,97.205711,82416600,3
2012-09-10,97.207146,94.677139,121999500,4
2012-09-11,95.015717,94.370003,125995800,5
2012-09-12,95.264282,95.684288,178058300,6
2012-09-13,96.767143,97.568573,149590000,7
2012-09-14,98.565712,98.754288,150118500,8
2012-09-17,99.907143,99.968575,99507800,9
2012-09-18,99.982857,100.272858,93375800,10
2012-09-19,100.03714,100.300003,81718700,11
2012-09-20,99.879997,99.814285,84142100,12
2012-09-21,100.344284,100.012856,142897300,13
2012-09-24,98.122856,98.684288,159941600,14
2012-09-25,98.322861,96.220001,129697400,15
2012-09-26,95.534286,95.025711,144125800,16
2012-09-27,94.898575,97.331429,148522500,17
2012-09-28,96.964287,95.300003,133777700,18
2012-10-01,95.879997,94.19857,135898700,19
2012-10-02,94.544289,94.472855,156998100,20
2012-10-03,94.980003,95.921425,106070300,21
2012-10-04,95.89286,95.257141,92681400,22
2012-10-05,95.028572,93.227142,148501500,23
2012-10-08,92.41143,91.167145,159498500,24
2012-10-09,91.235718,90.835716,209649300,25
2012-10-10,91.391426,91.558571,127589000,26
2012-10-11,92.35714,89.728569,136520300,27
2012-10-12,89.937141,89.958572,115003700,28
2012-10-15,90.335716,90.68,108125500,29
2012-10-16,90.767143,92.827141,137442900,30
2012-10-17,92.695717,92.087143,97259400,31
2012-10-18,91.370003,90.377144,119156100,32
2012-10-19,90.150002,87.120003,186021500,33
2012-10-22,87.488571,90.575714,136682700,34
2012-10-23,90.14286,87.622856,176786400,35
2012-10-24,88.777145,88.118568,139631800,36
2012-10-25,88.571426,87.077141,164081400,37
2012-10-26,87.061432,86.285713,254608200,38
2012-10-31,84.982857,85.045715,127500800,39
2012-11-01,85.459999,85.220001,90324500,40
2012-11-02,85.127144,82.400002,149843400,41
2012-11-05,83.360001,83.517143,132283900,42
2012-11-06,84.318573,83.264282,93729300,43
2012-11-07,81.977142,79.714287,198412200,44
2012-11-08,80.089996,76.821426,264036500,45
2012-11-09,77.202858,78.151428,232478400,46
2012-11-12,79.164284,77.547142,128950500,47
2012-11-13,76.987144,77.557144,133237300,48
2012-11-14,77.928574,76.697144,119292600,49
2012-11-15,76.790001,75.08857,197477700,50
2012-11-16,75.028572,75.382858,316723400,51
2012-11-19,77.244286,80.818573,205829400,52
2012-11-20,81.701431,80.129997,160688500,53
2012-11-21,80.60714,80.242859,93250500,54
2012-11-23,81.024284,81.64286,68206600,55
2012-11-26,82.271431,84.218575,157644900,56
2012-11-27,84.221428,83.540001,133332500,57
2012-11-28,82.46714,83.277145,130216100,58
2012-11-29,84.317146,84.194283,128674700,59
2012-11-30,83.827141,83.611427,97829900,60
2012-12-03,84.807144,83.741432,91070000,61
2012-12-04,83.114288,82.264282,139267100,62
2012-12-05,81.272858,76.970001,261159500,63
2012-12-06,75.562859,78.177139,294303100,64
2012-12-07,79.057144,76.178574,196760200,65
2012-12-10,75,75.688568,157621100,66
2012-12-11,77.110001,77.341431,148086400,67
2012-12-12,78.252853,77,121786000,68
2012-12-13,75.878571,75.669998,156314900,69
2012-12-14,73.535713,72.827141,252394800,70
2012-12-17,72.704285,74.118568,189401800,71
2012-12-18,75,76.271431,156421300,72
2012-12-19,75.924286,75.187141,112342300,73
2012-12-20,75.714287,74.53286,120422400,74
2012-12-21,73.209999,74.190002,149067100,75
2012-12-24,74.335716,74.309998,43938300,76
2012-12-26,74.14286,73.285713,75609100,77
2012-12-27,73.362854,73.580002,113780100,78
2012-12-28,72.898575,72.798569,88569600,79
2012-12-31,72.932854,76.024284,164873100,80
2013-01-02,79.117142,78.432854,140129500,81
2013-01-03,78.26857,77.442856,88241300,82
2013-01-04,76.709999,75.285713,148583400,83
2013-01-07,74.571426,74.842857,121039100,84
2013-01-08,75.601425,75.044289,114676800,85
2013-01-09,74.64286,73.871429,101901100,86
2013-01-10,75.507141,74.78714,150286500,87
2013-01-11,74.428574,74.328575,87626700,88
2013-01-14,71.811432,71.678574,183551900,89
2013-01-15,71.185715,69.417145,219193100,90
2013-01-16,70.662857,72.298569,172701200,91
2013-01-17,72.901428,71.811432,113419600,92
2013-01-18,71.21714,71.428574,118230700,93
2013-01-22,72.080002,72.110001,115386600,94
2013-01-23,72.687141,73.43,215377400,95
2013-01-24,65.714287,64.35714,365213100,96
2013-01-25,64.527145,62.84,302006600,97
2013-01-28,62.547142,64.261429,196379400,98
2013-01-29,65.5,65.46714,142789500,99
2013-01-30,65.285713,65.261429,104288800,100
2013-01-31,65.28286,65.07,79833600,101
2013-02-01,65.587143,64.802856,134871100,102
2013-02-04,64.844284,63.188572,119279300,103
2013-02-05,63.435715,65.405716,143336900,104
2013-02-06,65.209999,65.335716,148426600,105
2013-02-07,66.178574,66.888573,176145200,106
2013-02-08,67.714287,67.854286,158289600,107
2013-02-11,68.071426,68.561432,129372600,108
2013-02-12,68.501427,66.842857,152263300,109
2013-02-13,66.744286,66.715714,118801900,110
2013-02-14,66.360001,66.655716,88818800,111
2013-02-15,66.978569,65.737144,97936300,112
2013-02-19,65.871429,65.71286,108945900,113
2013-02-20,65.384285,64.121429,119075600,114
2013-02-21,63.714287,63.722858,111795600,115
2013-02-22,64.178574,64.401428,82663700,116
2013-02-25,64.835716,63.257141,93144800,117
2013-02-26,63.402859,64.138573,125374900,118
2013-02-27,64.061432,63.509998,146837600,119
2013-02-28,63.435715,63.057144,80628800,120
2013-03-01,62.57143,61.495716,138112100,121
2013-03-04,61.114285,60.007141,145688900,122
2013-03-05,60.21143,61.591427,159608400,123
2013-03-06,62.072857,60.808571,115062500,124
2013-03-07,60.642857,61.511429,117118400,125
2013-03-08,61.400002,61.674286,97870500,126
2013-03-11,61.392857,62.552856,118559000,127
2013-03-12,62.228573,61.204285,116477900,128
2013-03-13,61.207142,61.192856,101387300,129
2013-03-14,61.832859,61.785713,75968900,130
2013-03-15,62.561428,63.380001,160990200,131
2013-03-18,63.064285,65.102859,151549300,132
2013-03-19,65.64286,64.927139,131693800,133
2013-03-20,65.345711,64.582855,77165200,134
2013-03-21,64.317146,64.675713,95813900,135
2013-03-22,64.940002,65.987144,98776300,136
2013-03-25,66.384285,66.225716,125283900,137
2013-03-26,66.491432,65.877144,73573500,138
2013-03-27,65.208572,64.582855,82809300,139
2013-03-28,64.260002,63.237144,110709900,140
2013-04-01,63.128571,61.272858,97433000,141
2013-04-02,61.085712,61.398571,132379800,142
2013-04-03,61.624287,61.712856,90804000,143
2013-04-04,61.965714,61.102856,89611900,144
2013-04-05,60.642857,60.457142,95923800,145
2013-04-08,60.692856,60.887142,75207300,146
2013-04-09,60.908573,60.997143,76653500,147
2013-04-10,61.157143,62.241428,93982000,148
2013-04-11,61.959999,62.047142,82091100,149
2013-04-12,62.021427,61.400002,59653300,150
2013-04-15,61,59.978573,79380000,151
2013-04-16,60.224285,60.89143,76442800,152
2013-04-17,60.03857,57.542858,236264000,153
2013-04-18,57.855713,56.007141,166574800,154
2013-04-19,55.424286,55.790001,152318600,155
2013-04-22,56.091427,56.952858,107480100,156
2013-04-23,57.712856,58.01857,166059600,157
2013-04-24,56.220001,57.922855,242412800,158
2013-04-25,58.747143,58.34,96209400,159
2013-04-26,58.544285,59.599998,191024400,160
2013-04-29,60.064285,61.445713,160081600,161
2013-04-30,62.157143,63.254284,172884600,162
2013-05-01,63.494286,62.755714,126727300,163
2013-05-02,63.111427,63.645714,105457100,164
2013-05-03,64.472855,64.28286,90325200,165
2013-05-06,65.101425,65.815712,124160400,166
2013-05-07,66.424286,65.522858,120938300,167
2013-05-08,65.577141,66.262856,118149500,168
2013-05-09,65.687141,65.252853,99621900,169
2013-05-10,65.424286,64.709999,83713000,170
2013-05-13,64.501427,64.96286,79237200,171
2013-05-14,64.835716,63.408573,111779500,172
2013-05-15,62.737144,61.264286,185403400,173
2013-05-16,60.462856,62.082859,150801000,174
2013-05-17,62.721428,61.894287,106976100,175
2013-05-20,61.701427,63.275715,112894600,176
2013-05-21,62.592857,62.808571,114005500,177
2013-05-22,63.435715,63.049999,110759600,178
2013-05-23,62.278572,63.162857,88255300,179
2013-05-24,62.978573,63.592857,69041700,180
2013-05-28,64.271431,63.062859,96536300,181
2013-05-29,62.857143,63.564285,82644100,182
2013-05-30,63.664288,64.511429,88379900,183
2013-05-31,64.64286,64.247147,96075700,184
2013-06-03,64.389999,64.388573,93088100,185
2013-06-04,64.745712,64.187141,73182200,186
2013-06-05,63.664288,63.587143,72647400,187
2013-06-06,63.638573,62.637142,104233500,188
2013-06-07,62.357143,63.115715,101133900,189
2013-06-10,63.532856,62.69857,112538300,190
2013-06-11,62.248573,62.514286,71528100,191
2013-06-12,62.785713,61.741428,66306800,192
2013-06-13,61.785713,62.279999,71458100,193
2013-06-14,62.200001,61.435715,67966500,194
2013-06-17,61.634285,61.714287,64853600,195
2013-06-18,61.651428,61.681427,48756400,196
2013-06-19,61.628571,60.42857,77735000,197
2013-06-20,59.900002,59.548573,89327700,198
2013-06-21,59.784286,59.07143,120279600,199
2013-06-24,58.200001,57.505714,120186500,200
2013-06-25,57.957142,57.51857,78540700,201
2013-06-26,57.700001,56.867142,91931000,202
2013-06-27,57.035713,56.254284,84311500,203
2013-06-28,55.908573,56.647144,144629100,204
2013-07-01,57.527142,58.459999,97763400,205
2013-07-02,58.565716,59.784286,117466300,206
2013-07-03,60.122856,60.114285,60232200,207
2013-07-05,60.055714,59.631428,68506200,208
2013-07-08,60.015713,59.292858,74534600,209
2013-07-09,59.085712,60.335712,88146100,210
2013-07-10,59.942856,60.104286,70351400,211
2013-07-11,60.421429,61.041428,81573100,212
2013-07-12,61.092857,60.93,69890800,213
2013-07-15,60.715714,61.062859,60479300,214
2013-07-16,60.931427,61.457142,54134500,215
2013-07-17,61.385715,61.472858,49747600,216
2013-07-18,61.91143,61.68,54719700,217
2013-07-19,61.871429,60.707142,67180400,218
2013-07-22,61.351429,60.901428,51949100,219
2013-07-23,60.857143,59.855713,92348900,220
2013-07-24,62.704285,62.93,147984200,221
2013-07-25,62.957142,62.642857,57373400,222
2013-07-26,62.185715,62.998573,50038100,223
2013-07-29,62.971428,63.970001,62014400,224
2013-07-30,64.279999,64.760002,77355600,225
2013-07-31,64.998573,64.647141,80739400,226
2013-08-01,65.10714,65.239998,51562700,227
2013-08-02,65.43,66.077141,68695900,228
2013-08-05,66.384285,67.064285,79713900,229
2013-08-06,66.860001,66.464287,83714400,230
2013-08-07,66.257141,66.425713,74714500,231
2013-08-08,66.265717,65.858574,63944300,232
2013-08-09,65.519997,64.921425,66716300,233
2013-08-12,65.265717,66.765717,91108500,234
2013-08-13,67.277145,69.938568,220485300,235
2013-08-14,71.125717,71.214287,189093100,236
2013-08-15,70.917145,71.129997,122573500,237
2013-08-16,71.449997,71.761429,90576500,238
2013-08-19,72.048569,72.534286,127629600,239
2013-08-20,72.815712,71.581429,89672100,240
2013-08-21,71.941429,71.765717,83969900,241
2013-08-22,72.139999,71.851425,61051900,242
2013-08-23,71.895714,71.574287,55682900,243
2013-08-26,71.535713,71.852859,82741400,244
2013-08-27,71.14286,69.798569,106047200,245
2013-08-28,69.428574,70.128571,76902000,246
2013-08-29,70.235718,70.242859,59914400,247
2013-08-30,70.285713,69.602859,68074300,248
2013-09-03,70.442856,69.797142,82982200,249
2013-09-04,71.365715,71.241432,86258200,250
2013-09-05,71.464287,70.752853,59091900,251
2013-09-06,71.205711,71.174286,89881400,252
2013-09-09,72.14286,72.309998,85171800,253
2013-09-10,72.314285,70.662857,185798900,254
2013-09-11,66.715714,66.815712,224674100,255
2013-09-12,66.928574,67.527145,101012800,256
2013-09-13,67.048569,66.414284,74708900,257
2013-09-16,65.85714,64.302856,135926700,258
2013-09-17,63.994286,65.045715,99845200,259
2013-09-18,66.168571,66.382858,114215500,260
2013-09-19,67.242859,67.471428,101135300,261
2013-09-20,68.285713,66.772858,174825700,262
2013-09-23,70.871429,70.091431,190526700,263
2013-09-24,70.697144,69.871429,91086100,264
2013-09-25,69.885712,68.790001,79239300,265
2013-09-26,69.428574,69.459999,59305400,266
2013-09-27,69.111427,68.964287,57010100,267
2013-09-30,68.178574,68.10714,65039100,268
2013-10-01,68.349998,69.708572,88470900,269
2013-10-02,69.375717,69.937141,72296000,270
2013-10-03,70.072861,69.058571,80688300,271
2013-10-04,69.122856,69.004288,64717100,272
2013-10-07,69.508568,69.678574,78073100,273
2013-10-08,69.991432,68.705711,72729300,274
2013-10-09,69.234283,69.512856,75431300,275
2013-10-10,70.188568,69.94857,69650700,276
2013-10-11,69.57,70.401428,66934700,277
2013-10-14,69.975716,70.862854,65474500,278
2013-10-15,71.072861,71.239998,80018400,279
2013-10-16,71.541428,71.587143,62775300,280
2013-10-17,71.425713,72.071426,63398300,281
2013-10-18,72.284286,72.69857,72635500,282
2013-10-21,73.110001,74.480003,99526700,283
2013-10-22,75.201431,74.267143,133515900,284
2013-10-23,74.14286,74.994286,78430800,285
2013-10-24,75,75.987144,96191200,286
2013-10-25,75.902855,75.137146,84448000,287
2013-10-28,75.577141,75.697144,137610200,288
2013-10-29,76.610001,73.811432,158951800,289
2013-10-30,74.230003,74.985718,88540900,290
2013-10-31,75,74.671425,68924100,291
2013-11-01,74.860001,74.290001,68722500,292
2013-11-04,74.442856,75.25,61156900,293
2013-11-05,74.940002,75.064285,66303300,294
2013-11-06,74.878571,74.417145,55843900,295
2013-11-07,74.225716,73.21286,65655100,296
2013-11-08,73.511429,74.365715,69829200,297
2013-11-11,74.284286,74.150002,56863100,298
2013-11-12,73.952858,74.28714,51069200,299
2013-11-13,74,74.375717,49305200,300
2013-11-14,74.687141,75.451431,70604800,301
2013-11-15,75.225716,74.998573,79480100,302
2013-11-18,74.998573,74.089996,61236000,303
2013-11-19,74.147141,74.221428,52234700,304
2013-11-20,74.175713,73.571426,48479200,305
2013-11-21,73.942856,74.44857,65506700,306
2013-11-22,74.21714,74.257141,55931400,307
2013-11-25,74.431427,74.82,57327900,308
2013-11-26,74.874283,76.199997,100345700,309
2013-11-27,76.615715,77.994286,90862100,310
2013-11-29,78.497147,79.438568,79531900,311
2013-12-02,79.714287,78.747147,118136200,312
2013-12-03,79.757141,80.902855,112742000,313
2013-12-04,80.785713,80.714287,94452400,314
2013-12-05,81.807144,81.128571,111895000,315
2013-12-06,80.827141,80.002853,86088100,316
2013-12-09,80.128571,80.918571,80123400,317
2013-12-10,80.511429,80.792854,69567400,318
2013-12-11,81,80.194283,89929700,319
2013-12-12,80.305717,80.077141,65572500,320
2013-12-13,80.407143,79.204285,83205500,321
2013-12-16,79.288574,79.64286,70648200,322
2013-12-17,79.401428,79.284286,57475600,323
2013-12-18,78.528572,78.681427,141465800,324
2013-12-19,78.5,77.779999,80077200,325
2013-12-20,77.918571,78.431427,109103400,326
2013-12-23,81.14286,81.441429,125326600,327
2013-12-24,81.412857,81.095711,41888700,328
2013-12-26,81.157143,80.557144,51002000,329
2013-12-27,80.545715,80.012856,56471100,330
2013-12-30,79.637146,79.21714,63407400,331
2013-12-31,79.167145,80.145714,55771100,332
2014-01-02,79.382858,79.01857,58671200,333
2014-01-03,78.980003,77.28286,98116900,334
2014-01-06,76.778572,77.704285,103152700,335
2014-01-07,77.760002,77.148575,79302300,336
2014-01-08,76.972855,77.637146,64632400,337
2014-01-09,78.114288,76.645714,69787200,338
2014-01-10,77.118568,76.134285,76244000,339
2014-01-13,75.701431,76.53286,94623200,340
2014-01-14,76.888573,78.055717,83140400,341
2014-01-15,79.074287,79.622856,97909700,342
2014-01-16,79.271431,79.178574,57319500,343
2014-01-17,78.78286,77.238571,106684900,344
2014-01-21,77.284286,78.438568,82131700,345
2014-01-22,78.701431,78.78714,94996300,346
2014-01-23,78.562859,79.454285,100809800,347
2014-01-24,79.14286,78.010002,107338700,348
2014-01-27,78.581429,78.64286,138719700,349
2014-01-28,72.68,72.35714,266380800,350
2014-01-29,71.992859,71.535713,125702500,351
2014-01-30,71.791428,71.397141,169625400,352
2014-01-31,70.739998,71.514282,116199300,353
2014-02-03,71.80143,71.647141,100366000,354
2014-02-04,72.264282,72.684288,94170300,355
2014-02-05,72.365715,73.227142,82086200,356
2014-02-06,72.865715,73.215714,64441300,357
2014-02-07,74.482857,74.239998,92570100,358
2014-02-10,74.094284,75.57,86389800,359
2014-02-11,75.80143,76.565712,70564200,360
2014-02-12,76.707146,76.559998,77025200,361
2014-02-13,76.379997,77.775711,76849500,362
2014-02-14,77.495712,77.71286,68231100,363
2014-02-18,78,77.998573,65062900,364
2014-02-19,77.821426,76.767143,78442000,365
2014-02-20,76.141426,75.878571,76464500,366
2014-02-21,76.112854,75.035713,69696200,367
2014-02-24,74.735718,75.364288,72227400,368
2014-02-25,75.625717,74.580002,57988000,369
2014-02-26,74.80143,73.907143,69054300,370
2014-02-27,73.877144,75.381432,75470500,371
2014-02-28,75.582855,75.177139,92992200,372
2014-03-03,74.774284,75.394287,59695300,373
2014-03-04,75.85714,75.891426,64785000,374
2014-03-05,75.845711,76.05143,50015700,375
2014-03-06,76.112854,75.821426,46372200,376
2014-03-07,75.870003,75.777145,55182400,377
2014-03-10,75.480003,75.845711,44646000,378
2014-03-11,76.492859,76.584282,69806100,379
2014-03-12,76.358574,76.658569,49831600,380
2014-03-13,76.777145,75.807144,64435700,381
2014-03-14,75.541428,74.955711,59299800,382
2014-03-17,75.385712,75.248573,49886200,383
2014-03-18,75.128571,75.914284,52411800,384
2014-03-19,76.03714,75.894287,56189000,385
2014-03-20,75.69857,75.528572,52099600,386
2014-03-21,75.989998,76.124283,93511600,387
2014-03-24,76.917145,77.027145,88925200,388
2014-03-25,77.35714,77.855713,70573300,389
2014-03-26,78.074287,77.111427,74942000,390
2014-03-27,77.145714,76.779999,55507900,391
2014-03-28,76.902855,76.694283,50141000,392
2014-03-31,77.03286,76.677139,42167300,393
2014-04-01,76.822861,77.378571,50190000,394
2014-04-02,77.482857,77.507141,45105200,395
2014-04-03,77.341431,76.970001,40586000,396
2014-04-04,77.115715,75.974289,68812800,397
2014-04-07,75.431427,74.781425,72462600,398
2014-04-08,75.027145,74.777145,60972100,399
2014-04-09,74.662857,75.760002,51542400,400
2014-04-10,75.811432,74.78286,59913000,401
2014-04-11,74.14286,74.230003,67929400,402
2014-04-14,74.557144,74.525711,51418500,403
2014-04-15,74.324287,73.994286,66622500,404
2014-04-16,74.007141,74.144287,53691400,405
2014-04-17,74.285713,74.991432,71083600,406
2014-04-21,75.048569,75.881432,45637200,407
2014-04-22,75.472855,75.957146,50640800,408
2014-04-23,75.580002,74.964287,98735000,409
2014-04-24,81.172859,81.110001,189977900,410
2014-04-25,80.647141,81.705711,97568800,411
2014-04-28,81.828575,84.870003,167371400,412
2014-04-29,84.82,84.618568,84344400,413
2014-04-30,84.662857,84.298569,114160200,414
2014-05-01,84.571426,84.497147,61012000,415
2014-05-02,84.620003,84.654289,47878600,416
2014-05-05,84.305717,85.851425,71766800,417
2014-05-06,85.971428,84.915718,93641100,418
2014-05-07,85.035713,84.618568,70716100,419
2014-05-08,84.035713,83.998573,57574300,420
2014-05-09,83.505714,83.648575,72899400,421
2014-05-12,83.927139,84.690002,53302200,422
2014-05-13,84.571426,84.822861,39934300,423
2014-05-14,84.632858,84.83857,41601000,424
2014-05-15,84.957146,84.117142,57711500,425
2014-05-16,84.089996,85.358574,69064100,426
2014-05-19,85.407143,86.370003,79438800,427
2014-05-20,86.358574,86.387146,58709000,428
2014-05-21,86.261429,86.615715,49214900,429
2014-05-22,86.657143,86.752853,50190000,430
2014-05-23,86.75,87.732857,58052400,431
2014-05-27,87.982857,89.375717,87216500,432
2014-05-28,89.431427,89.144287,78870400,433
2014-05-29,89.692856,90.76857,94118500,434
2014-05-30,91.139999,90.428574,141005200,435
2014-06-02,90.565712,89.807144,92337700,436
2014-06-03,89.779999,91.077141,73177300,437
2014-06-04,91.062859,92.117142,83870500,438
2014-06-05,92.314285,92.478569,75951400,439
2014-06-06,92.842857,92.224289,87484600,440
2014-06-09,92.699997,93.699997,75415000,441
2014-06-10,94.730003,94.25,62777000,442
2014-06-11,94.129997,93.860001,45681000,443
2014-06-12,94.040001,92.290001,54749000,444
2014-06-13,92.199997,91.279999,54525000,445
2014-06-16,91.510002,92.199997,35561000,446
2014-06-17,92.309998,92.080002,29726000,447
2014-06-18,92.269997,92.18,33514000,448
2014-06-19,92.290001,91.860001,35528000,449
2014-06-20,91.849998,90.910004,100898000,450
2014-06-23,91.32,90.830002,43694000,451
2014-06-24,90.75,90.279999,39036000,452
2014-06-25,90.209999,90.360001,36869000,453
2014-06-26,90.370003,90.900002,32629000,454
2014-06-27,90.82,91.980003,64029000,455
2014-06-30,92.099998,92.93,49482300,456
2014-07-01,93.519997,93.519997,38223000,457
2014-07-02,93.870003,93.480003,28465000,458
2014-07-03,93.669998,94.029999,22891800,459
2014-07-07,94.139999,95.970001,56468000,460
2014-07-08,96.269997,95.349998,65222000,461
2014-07-09,95.440002,95.389999,36436000,462
2014-07-10,93.760002,95.040001,39686000,463
2014-07-11,95.360001,95.220001,34018000,464
2014-07-14,95.860001,96.449997,42810000,465
2014-07-15,96.800003,95.32,45477900,466
2014-07-16,96.970001,94.779999,53396300,467
2014-07-17,95.029999,93.089996,57298000,468
2014-07-18,93.620003,94.43,49988000,469
2014-07-21,94.989998,93.940002,39079000,470
2014-07-22,94.68,94.720001,55197000,471
2014-07-23,95.419998,97.190002,92918000,472
2014-07-24,97.040001,97.029999,45729000,473
2014-07-25,96.849998,97.669998,43469000,474
2014-07-28,97.82,99.019997,55318000,475
2014-07-29,99.330002,98.379997,43143000,476
2014-07-30,98.440002,98.150002,33010000,477
2014-07-31,97.160004,95.599998,56843000,478
2014-08-01,94.900002,96.129997,48511000,479
2014-08-04,96.370003,95.589996,39958000,480
2014-08-05,95.360001,95.120003,55933000,481
2014-08-06,94.75,94.959999,38558000,482
2014-08-07,94.93,94.480003,46711000,483
2014-08-08,94.260002,94.739998,41865000,484
2014-08-11,95.269997,95.989998,36585000,485
2014-08-12,96.040001,95.970001,33795000,486
2014-08-13,96.150002,97.239998,31916000,487
2014-08-14,97.330002,97.5,28116000,488
2014-08-15,97.900002,97.980003,48951000,489
2014-08-18,98.489998,99.160004,47572000,490
2014-08-19,99.410004,100.529999,69399000,491
2014-08-20,100.440002,100.57,52699000,492
2014-08-21,100.57,100.580002,33478000,493
2014-08-22,100.290001,101.32,44184000,494
2014-08-25,101.790001,101.540001,40270000,495
2014-08-26,101.419998,100.889999,33152000,496
2014-08-27,101.019997,102.129997,52369000,497
2014-08-28,101.589996,102.25,68460000,498
2014-08-29,102.860001,102.5,44595000,499
2014-09-02,103.059998,103.300003,53564000,500
2014-09-03,103.099998,98.940002,125421000,501
2014-09-04,98.849998,98.120003,85718000,502
2014-09-05,98.800003,98.970001,58457000,503
2014-09-08,99.300003,98.360001,46356700,504
2014-09-09,99.080002,97.989998,189846300,505
2014-09-10,98.010002,101,100869600,506
2014-09-11,100.410004,101.43,62353100,507
2014-09-12,101.209999,101.660004,62626100,508
2014-09-15,102.809998,101.629997,61316500,509
2014-09-16,99.800003,100.860001,66908100,510
2014-09-17,101.269997,101.580002,60926500,511
2014-09-18,101.93,101.790001,37299400,512
2014-09-19,102.290001,100.959999,70902400,513
2014-09-22,101.800003,101.059998,52788400,514
2014-09-23,100.599998,102.639999,63402200,515
2014-09-24,102.160004,101.75,60171800,516
2014-09-25,100.510002,97.870003,100092000,517
2014-09-26,98.529999,100.75,62370500,518
2014-09-29,98.650002,100.110001,49766300,519
2014-09-30,100.809998,100.75,55264100,520
2014-10-01,100.589996,99.18,51491300,521
2014-10-02,99.269997,99.900002,47757800,522
2014-10-03,99.440002,99.620003,43469600,523
2014-10-06,99.949997,99.620003,37051200,524
2014-10-07,99.43,98.75,42094200,525
2014-10-08,98.760002,100.800003,57404700,526
2014-10-09,101.540001,101.019997,77376500,527
2014-10-10,100.690002,100.730003,66331600,528
2014-10-13,101.330002,99.809998,53583400,529
2014-10-14,100.389999,98.75,63688600,530
2014-10-15,97.970001,97.540001,100933600,531
2014-10-16,95.550003,96.260002,72154500,532
2014-10-17,97.5,97.669998,68179700,533
2014-10-20,98.32,99.760002,77517300,534
2014-10-21,103.019997,102.470001,94623900,535
2014-10-22,102.839996,102.989998,68263100,536
2014-10-23,104.080002,104.830002,71074700,537
2014-10-24,105.18,105.220001,47053900,538
2014-10-27,104.849998,105.110001,34187700,539
2014-10-28,105.400002,106.739998,48060900,540
2014-10-29,106.650002,107.339996,52687900,541
2014-10-30,106.959999,106.980003,40654800,542
2014-10-31,108.010002,108,44639300,543
2014-11-03,108.220001,109.400002,52282600,544
2014-11-04,109.360001,108.599998,41574400,545
2014-11-05,109.099998,108.860001,37435900,546
2014-11-06,108.599998,108.699997,34968500,547
2014-11-07,108.75,109.010002,33691500,548
2014-11-10,109.019997,108.830002,27195500,549
2014-11-11,108.699997,109.699997,27442300,550
2014-11-12,109.379997,111.25,46942400,551
2014-11-13,111.800003,112.82,59522900,552
2014-11-14,113.150002,114.18,44063600,553
2014-11-17,114.269997,113.989998,46746700,554
2014-11-18,113.940002,115.470001,44224000,555
2014-11-19,115.440002,114.669998,41869200,556
2014-11-20,114.910004,116.309998,43395500,557
2014-11-21,117.510002,116.470001,57179300,558
2014-11-24,116.849998,118.629997,47450800,559
2014-11-25,119.07,117.599998,68840400,560
2014-11-26,117.940002,119,40768300,561
2014-11-28,119.269997,118.93,24814400,562
2014-12-01,118.809998,115.07,83814000,563
2014-12-02,113.5,114.629997,59348900,564
2014-12-03,115.75,115.93,43063400,565
2014-12-04,115.769997,115.489998,42044500,566
2014-12-05,115.989998,115,38318900,567
2014-12-08,114.099998,112.400002,57664900,568
2014-12-09,110.190002,114.120003,60208000,569
2014-12-10,114.410004,111.949997,44565300,570
2014-12-11,112.260002,111.620003,41401700,571
2014-12-12,110.459999,109.730003,56028100,572
2014-12-15,110.699997,108.230003,67218100,573
2014-12-16,106.370003,106.75,60790700,574
2014-12-17,107.120003,109.410004,53411800,575
2014-12-18,111.870003,112.650002,59006200,576
2014-12-19,112.260002,111.779999,88429800,577
2014-12-22,112.160004,112.940002,45167500,578
2014-12-23,113.230003,112.540001,26028400,579
2014-12-24,112.580002,112.010002,14479600,580
2014-12-26,112.099998,113.989998,33721000,581
2014-12-29,113.790001,113.910004,27598900,582
2014-12-30,113.639999,112.519997,29881500,583
2014-12-31,112.82,110.379997,41403400,584
2015-01-02,111.389999,109.330002,53204600,585
2015-01-05,108.290001,106.25,64285500,586
2015-01-06,106.540001,106.260002,65797100,587
2015-01-07,107.199997,107.75,40105900,588
2015-01-08,109.230003,111.889999,59364500,589
2015-01-09,112.669998,112.010002,53699500,590
2015-01-12,112.599998,109.25,49650800,591
2015-01-13,111.43,110.220001,67091900,592
2015-01-14,109.040001,109.800003,48337000,593
2015-01-15,110,106.82,60014000,594
2015-01-16,107.029999,105.989998,78513300,595
2015-01-20,107.839996,108.720001,49899900,596
2015-01-21,108.949997,109.550003,48575900,597
2015-01-22,110.260002,112.400002,53796400,598
2015-01-23,112.300003,112.980003,46464800,599
2015-01-26,113.739998,113.099998,55615000,600
2015-01-27,112.419998,109.139999,95568700,601
2015-01-28,117.629997,115.309998,146477100,602
2015-01-29,116.32,118.900002,84436400,603
2015-01-30,118.400002,117.160004,83745500,604
2015-02-02,118.050003,118.629997,62739100,605
2015-02-03,118.5,118.650002,51915700,606
2015-02-04,118.5,119.559998,70149700,607
2015-02-05,120.019997,119.940002,42246200,608
2015-02-06,120.019997,118.93,43706600,609
2015-02-09,118.550003,119.720001,38889800,610
2015-02-10,120.169998,122.019997,62008500,611
2015-02-11,122.769997,124.879997,73561800,612
2015-02-12,126.059998,126.459999,74474500,613
2015-02-13,127.279999,127.080002,54272200,614
2015-02-17,127.489998,127.830002,63152400,615
2015-02-18,127.629997,128.720001,44891700,616
2015-02-19,128.479996,128.449997,37362400,617
2015-02-20,128.619995,129.5,48948400,618
2015-02-23,130.020004,133,70974100,619
2015-02-24,132.940002,132.169998,69228100,620
2015-02-25,131.559998,128.789993,74711700,621
2015-02-26,128.789993,130.419998,91287500,622
2015-02-27,130,128.460007,62014800,623
2015-03-02,129.25,129.089996,48096700,624
2015-03-03,128.960007,129.360001,37816300,625
2015-03-04,129.100006,128.539993,31666300,626
2015-03-05,128.580002,126.410004,56517100,627
2015-03-06,128.399994,126.599998,72842100,628
2015-03-09,127.959999,127.139999,88528500,629
2015-03-10,126.410004,124.510002,68856600,630
2015-03-11,124.75,122.239998,68939000,631
2015-03-12,122.309998,124.449997,48362700,632
2015-03-13,124.400002,123.589996,51827300,633
2015-03-16,123.879997,124.949997,35874300,634
2015-03-17,125.900002,127.040001,51023100,635
2015-03-18,127,128.470001,65270900,636
2015-03-19,128.75,127.5,45809500,637
2015-03-20,128.25,125.900002,68695100,638
2015-03-23,127.120003,127.209999,37709700,639
2015-03-24,127.230003,126.690002,32842300,640
2015-03-25,126.540001,123.379997,51655200,641
2015-03-26,122.760002,124.239998,47572900,642
2015-03-27,124.57,123.25,39546200,643
2015-03-30,124.050003,126.370003,47099700,644
2015-03-31,126.089996,124.43,42090600,645
2015-04-01,124.82,124.25,40621400,646
2015-04-02,125.029999,125.32,32220100,647
2015-04-06,124.470001,127.349998,37194000,648
2015-04-07,127.639999,126.010002,35012300,649
2015-04-08,125.849998,125.599998,37329200,650
2015-04-09,125.849998,126.559998,32484000,651
2015-04-10,125.949997,127.099998,40188000,652
2015-04-13,128.369995,126.849998,36365100,653
2015-04-14,127,126.300003,25524600,654
2015-04-15,126.410004,126.779999,28970400,655
2015-04-16,126.279999,126.169998,28369000,656
2015-04-17,125.550003,124.75,51957000,657
2015-04-20,125.57,127.599998,47054300,658
2015-04-21,128.100006,126.910004,32435100,659
2015-04-22,126.989998,128.619995,37654500,660
2015-04-23,128.300003,129.669998,45770900,661
2015-04-24,130.490005,130.279999,44525900,662
2015-04-27,132.309998,132.649994,96954200,663
2015-04-28,134.460007,130.559998,118924000,664
2015-04-29,130.160004,128.639999,63386100,665
2015-04-30,128.639999,125.150002,83195400,666
2015-05-01,126.099998,128.949997,58512600,667
2015-05-04,129.5,128.699997,50988300,668
2015-05-05,128.149994,125.800003,49271400,669
2015-05-06,126.559998,125.010002,72141000,670
2015-05-07,124.769997,125.260002,43940900,671
2015-05-08,126.68,127.620003,55550400,672
2015-05-11,127.389999,126.32,42035800,673
2015-05-12,125.599998,125.870003,48160000,674
2015-05-13,126.150002,126.010002,34694200,675
2015-05-14,127.410004,128.949997,45203500,676
2015-05-15,129.070007,128.770004,38208000,677
2015-05-18,128.380005,130.190002,50882900,678
2015-05-19,130.690002,130.070007,44633200,679
2015-05-20,130,130.059998,36454900,680
2015-05-21,130.070007,131.389999,39730400,681
2015-05-22,131.600006,132.539993,45596000,682
2015-05-26,132.600006,129.619995,70697600,683
2015-05-27,130.339996,132.039993,45833200,684
2015-05-28,131.860001,131.779999,30733300,685
2015-05-29,131.229996,130.279999,50884500,686
2015-06-01,130.279999,130.539993,32112800,687
2015-06-02,129.860001,129.960007,33667600,688
2015-06-03,130.660004,130.119995,30889400,689
2015-06-04,129.580002,129.360001,38450100,690
2015-06-05,129.5,128.649994,35626800,691
2015-06-08,128.899994,127.800003,52674800,692
2015-06-09,126.699997,127.419998,56075400,693
2015-06-10,127.919998,128.880005,39087300,694
2015-06-11,129.179993,128.589996,35390900,695
2015-06-12,128.190002,127.169998,36886200,696
2015-06-15,126.099998,126.919998,43988900,697
2015-06-16,127.029999,127.599998,31494100,698
2015-06-17,127.720001,127.300003,32918100,699
2015-06-18,127.230003,127.879997,35407200,700
2015-06-19,127.709999,126.599998,54716900,701
2015-06-22,127.489998,127.610001,34039300,702
2015-06-23,127.480003,127.029999,30268900,703
2015-06-24,127.209999,128.110001,55280900,704
2015-06-25,128.860001,127.5,31938100,705
2015-06-26,127.669998,126.75,44066800,706
2015-06-29,125.459999,124.529999,49161400,707
2015-06-30,125.57,125.43,44370700,708
2015-07-01,126.900002,126.599998,30238800,709
2015-07-02,126.43,126.440002,27211000,710
2015-07-06,124.940002,126,28060400,711
2015-07-07,125.889999,125.690002,46946800,712
2015-07-08,124.480003,122.57,60761600,713
2015-07-09,123.849998,120.07,77821600,714
2015-07-10,121.940002,123.279999,61354500,715
2015-07-13,125.029999,125.660004,41440500,716
2015-07-14,126.040001,125.610001,31768100,717
2015-07-15,125.720001,126.82,33649200,718
2015-07-16,127.739998,128.509995,36222400,719
2015-07-17,129.080002,129.619995,46164700,720
2015-07-20,130.970001,132.070007,58900200,721
2015-07-21,132.850006,130.75,76756400,722
2015-07-22,121.989998,125.220001,115450600,723
2015-07-23,126.199997,125.160004,50999500,724
2015-07-24,125.32,124.5,42162300,725
2015-07-27,123.089996,122.769997,44455500,726
2015-07-28,123.379997,123.379997,33618100,727
2015-07-29,123.150002,122.989998,37011700,728
2015-07-30,122.32,122.370003,33628300,729
2015-07-31,122.599998,121.300003,42885000,730
2015-08-03,121.5,118.440002,69976000,731
2015-08-04,117.419998,114.639999,124138600,732
2015-08-05,112.949997,115.400002,99312600,733
2015-08-06,115.970001,115.129997,52903000,734
2015-08-07,114.580002,115.519997,38670400,735
2015-08-10,116.529999,119.720001,54951600,736
2015-08-11,117.809998,113.489998,97082800,737
2015-08-12,112.529999,115.239998,101217500,738
2015-08-13,116.040001,115.150002,48535800,739
2015-08-14,114.32,115.959999,42929500,740
2015-08-17,116.040001,117.160004,40884700,741
2015-08-18,116.43,116.5,34560700,742
2015-08-19,116.099998,115.010002,47445700,743
2015-08-20,114.080002,112.650002,68501600,744
2015-08-21,110.43,105.760002,128275500,745
2015-08-24,94.870003,103.120003,162206300,746
2015-08-25,111.110001,103.739998,103601600,747
2015-08-26,107.089996,109.690002,96774600,748
2015-08-27,112.230003,112.919998,84616100,749
2015-08-28,112.169998,113.290001,53164400,750
2015-08-31,112.029999,112.760002,56229300,751
2015-09-01,110.150002,107.720001,76845900,752
2015-09-02,110.230003,112.339996,61888800,753
2015-09-03,112.489998,110.370003,53233900,754
2015-09-04,108.970001,109.269997,49996300,755
2015-09-08,111.75,112.309998,54843600,756
2015-09-09,113.760002,110.150002,85010800,757
2015-09-10,110.269997,112.57,62892800,758
2015-09-11,111.790001,114.209999,49915500,759
2015-09-14,116.580002,115.309998,58363400,760
2015-09-15,115.93,116.279999,43341200,761
2015-09-16,116.25,116.410004,37173500,762
2015-09-17,115.660004,113.919998,64112600,763
2015-09-18,112.209999,113.449997,74285300,764
2015-09-21,113.669998,115.209999,50222000,765
2015-09-22,113.379997,113.400002,50346200,766
2015-09-23,113.629997,114.32,35756700,767
2015-09-24,113.25,115,50219500,768
2015-09-25,116.440002,114.709999,56151900,769
2015-09-28,113.849998,112.440002,52109000,770
2015-09-29,112.830002,109.059998,73365400,771
2015-09-30,110.169998,110.300003,66473000,772
2015-10-01,109.07,109.580002,63929100,773
2015-10-02,108.010002,110.379997,58019800,774
2015-10-05,109.879997,110.779999,52064700,775
2015-10-06,110.629997,111.309998,48196800,776
2015-10-07,111.739998,110.779999,46765600,777
2015-10-08,110.190002,109.5,61979600,778
2015-10-09,110,112.120003,52766100,779
2015-10-12,112.730003,111.599998,30467200,780
2015-10-13,110.82,111.790001,33049300,781
2015-10-14,111.290001,110.209999,44462400,782
2015-10-15,110.93,111.860001,37673500,783
2015-10-16,111.779999,111.040001,39232600,784
2015-10-19,110.800003,111.730003,29759200,785
2015-10-20,111.339996,113.769997,48778800,786
2015-10-21,114,113.760002,41795200,787
2015-10-22,114.330002,115.5,41654100,788
2015-10-23,116.699997,119.080002,59366900,789
2015-10-26,118.080002,115.279999,66333800,790
2015-10-27,115.400002,114.550003,69884400,791
2015-10-28,116.93,119.269997,85551400,792
2015-10-29,118.699997,120.529999,51227300,793
2015-10-30,120.989998,119.5,49365300,794
2015-11-02,120.800003,121.18,32203300,795
2015-11-03,120.790001,122.57,45519000,796
2015-11-04,123.129997,122,44886100,797
2015-11-05,121.849998,120.919998,39552700,798
2015-11-06,121.110001,121.059998,33042300,799
2015-11-09,120.959999,120.57,33871400,800
2015-11-10,116.900002,116.769997,59127900,801
2015-11-11,116.370003,116.110001,45218000,802
2015-11-12,116.260002,115.720001,32525600,803
2015-11-13,115.199997,112.339996,45812400,804
2015-11-16,111.379997,114.18,38106700,805
2015-11-17,114.919998,113.690002,27616900,806
2015-11-18,115.760002,117.290001,46674700,807
2015-11-19,117.639999,118.779999,43295800,808
2015-11-20,119.199997,119.300003,34287100,809
2015-11-23,119.269997,117.75,32482500,810
2015-11-24,117.330002,118.879997,42803200,811
2015-11-25,119.209999,118.029999,21388300,812
2015-11-27,118.290001,117.809998,13046400,813
2015-11-30,117.989998,118.300003,39180300,814
2015-12-01,118.75,117.339996,34852400,815
2015-12-02,117.339996,116.279999,33386600,816
2015-12-03,116.550003,115.199997,41569500,817
2015-12-04,115.290001,119.029999,57777000,818
2015-12-07,118.980003,118.279999,32084200,819
2015-12-08,117.519997,118.230003,34309500,820
2015-12-09,117.639999,115.620003,46361400,821
2015-12-10,116.040001,116.169998,29104200,822
2015-12-11,115.190002,113.18,46886200,823
2015-12-14,112.18,112.480003,64318700,824
2015-12-15,111.940002,110.489998,53323100,825
2015-12-16,111.07,111.339996,56238500,826
2015-12-17,112.019997,108.980003,44772800,827
2015-12-18,108.910004,106.029999,96453300,828
2015-12-21,107.279999,107.330002,47590600,829
2015-12-22,107.400002,107.230003,32789400,830
2015-12-23,107.269997,108.610001,32657400,831
2015-12-24,109,108.029999,13570400,832
2015-12-28,107.589996,106.82,26704200,833
2015-12-29,106.959999,108.739998,30931200,834
2015-12-30,108.580002,107.32,25213800,835
2015-12-31,107.010002,105.260002,40635300,836
2016-01-04,102.610001,105.349998,67649400,837
2016-01-05,105.75,102.709999,55791000,838
2016-01-06,100.559998,100.699997,68457400,839
2016-01-07,98.68,96.449997,81094400,840
2016-01-08,98.550003,96.959999,70798000,841
2016-01-11,98.970001,98.529999,49739400,842
2016-01-12,100.550003,99.959999,49154200,843
2016-01-13,100.32,97.389999,62439600,844
2016-01-14,97.959999,99.519997,63170100,845
2016-01-15,96.199997,97.129997,79010000,846
2016-01-19,98.410004,96.660004,53087700,847
2016-01-20,95.099998,96.790001,72334400,848
2016-01-21,97.059998,96.300003,52161500,849
2016-01-22,98.629997,101.419998,65800500,850
2016-01-25,101.519997,99.440002,51794500,851
2016-01-26,99.93,99.989998,75077000,852
2016-01-27,96.040001,93.419998,133369700,853
2016-01-28,93.790001,94.089996,55678800,854
2016-01-29,94.790001,97.339996,64416500,855
2016-02-01,96.470001,96.43,40943500,856
2016-02-02,95.419998,94.480003,37357200,857
2016-02-03,95,96.349998,45964300,858
2016-02-04,95.860001,96.599998,46471700,859
2016-02-05,96.519997,94.019997,46418100,860
2016-02-08,93.129997,95.010002,54021400,861
2016-02-09,94.290001,94.989998,44331200,862
2016-02-10,95.919998,94.269997,42343600,863
2016-02-11,93.790001,93.699997,50074700,864
2016-02-12,94.190002,93.989998,40351400,865
2016-02-16,95.019997,96.639999,49057900,866
2016-02-17,96.669998,98.120003,44863200,867
2016-02-18,98.839996,96.260002,39021000,868
2016-02-19,96,96.040001,35374200,869
2016-02-22,96.309998,96.879997,34280800,870
2016-02-23,96.400002,94.690002,31942600,871
2016-02-24,93.980003,96.099998,36255700,872
2016-02-25,96.050003,96.760002,27582700,873
2016-02-26,97.199997,96.910004,28991100,874
2016-02-29,96.860001,96.690002,35216300,875
2016-03-01,97.650002,100.529999,50407100,876
2016-03-02,100.510002,100.75,33169600,877
2016-03-03,100.580002,101.5,36955700,878
2016-03-04,102.370003,103.010002,46055100,879
2016-03-07,102.389999,101.870003,35828900,880
2016-03-08,100.779999,101.029999,31561900,881
2016-03-09,101.309998,101.120003,27201700,882
2016-03-10,101.410004,101.169998,33513600,883
2016-03-11,102.239998,102.260002,27408200,884
2016-03-14,101.910004,102.519997,25076100,885
2016-03-15,103.959999,104.580002,40067700,886
2016-03-16,104.610001,105.970001,38303500,887
2016-03-17,105.519997,105.800003,34420700,888
2016-03-18,106.339996,105.919998,44205200,889
2016-03-21,105.93,105.910004,35502700,890
2016-03-22,105.25,106.720001,32444400,891
2016-03-23,106.480003,106.129997,25703500,892
2016-03-24,105.470001,105.669998,26133000,893
2016-03-28,106,105.190002,19411400,894
2016-03-29,104.889999,107.68,31190100,895
2016-03-30,108.650002,109.559998,45601100,896
2016-03-31,109.720001,108.989998,25888400,897
2016-04-01,108.779999,109.989998,25874000,898
2016-04-04,110.419998,111.120003,37356200,899
2016-04-05,109.510002,109.809998,26578700,900
2016-04-06,110.230003,110.959999,26404100,901
2016-04-07,109.949997,108.540001,31801900,902
2016-04-08,108.910004,108.660004,23581700,903
2016-04-11,108.970001,109.019997,29407500,904
2016-04-12,109.339996,110.440002,27232300,905
2016-04-13,110.800003,112.040001,33257300,906
2016-04-14,111.620003,112.099998,25473900,907
2016-04-15,112.110001,109.849998,46939000,908
2016-04-18,108.889999,107.480003,60834000,909
2016-04-19,107.879997,106.910004,32384900,910
2016-04-20,106.639999,107.129997,30611000,911
2016-04-21,106.93,105.970001,31552500,912
2016-04-22,105.010002,105.68,33683100,913
2016-04-25,105,105.080002,28031600,914
2016-04-26,103.910004,104.349998,56016200,915
2016-04-27,96,97.82,114602100,916
2016-04-28,97.610001,94.830002,82242700,917
2016-04-29,93.989998,93.739998,68531500,918
2016-05-02,93.970001,93.639999,48160100,919
2016-05-03,94.199997,95.18,56831300,920
2016-05-04,95.199997,94.190002,41025500,921
2016-05-05,94,93.239998,35890500,922
2016-05-06,93.370003,92.720001,43458200,923
2016-05-09,93,92.790001,32936400,924
2016-05-10,93.330002,93.419998,33686800,925
2016-05-11,93.480003,92.510002,28719100,926
2016-05-12,92.720001,90.339996,76314700,927
2016-05-13,90,90.519997,44392800,928
2016-05-16,92.389999,93.879997,61259800,929
2016-05-17,94.550003,93.489998,46916900,930
2016-05-18,94.160004,94.559998,42062400,931
2016-05-19,94.639999,94.199997,30442100,932
2016-05-20,94.639999,95.220001,32026000,933
2016-05-23,95.870003,96.43,38018600,934
2016-05-24,97.220001,97.900002,35140200,935
2016-05-25,98.669998,99.620003,38168800,936
2016-05-26,99.68,100.410004,56331200,937
2016-05-27,99.440002,100.349998,36229500,938
2016-05-31,99.599998,99.860001,42307200,939
2016-06-01,99.019997,98.459999,29173300,940
2016-06-02,97.599998,97.720001,40191600,941
2016-06-03,97.790001,97.919998,28062900,942
2016-06-06,97.989998,98.629997,23292500,943
2016-06-07,99.25,99.029999,22409500,944
2016-06-08,99.019997,98.940002,20848100,945
2016-06-09,98.5,99.650002,26601400,946
2016-06-10,98.529999,98.830002,31712900,947
2016-06-13,98.690002,97.339996,38020500,948
2016-06-14,97.32,97.459999,31931900,949
2016-06-15,97.82,97.139999,29445200,950
2016-06-16,96.449997,97.550003,31326800,951
2016-06-17,96.620003,95.330002,61008200,952
2016-06-20,96,95.099998,34411900,953
2016-06-21,94.940002,95.910004,35546400,954
2016-06-22,96.25,95.550003,29219100,955
2016-06-23,95.940002,96.099998,32240200,956
2016-06-24,92.910004,93.400002,75311400,957
2016-06-27,93,92.040001,45489600,958
2016-06-28,92.900002,93.589996,40444900,959
2016-06-29,93.970001,94.400002,36531000,960
2016-06-30,94.440002,95.599998,35836400,961
2016-07-01,95.489998,95.889999,26026500,962
2016-07-05,95.389999,94.989998,27705200,963
2016-07-06,94.599998,95.529999,30949100,964
2016-07-07,95.699997,95.940002,25139600,965
2016-07-08,96.489998,96.68,28912100,966
2016-07-11,96.75,96.980003,23794900,967
2016-07-12,97.169998,97.419998,24167500,968
2016-07-13,97.410004,96.870003,25892200,969
2016-07-14,97.389999,98.790001,38919000,970
2016-07-15,98.919998,98.779999,30137000,971
2016-07-18,98.699997,99.830002,36493900,972
2016-07-19,99.559998,99.870003,23779900,973
2016-07-20,100,99.959999,26276000,974
2016-07-21,99.830002,99.43,32702000,975
2016-07-22,99.260002,98.660004,28313700,976
2016-07-25,98.25,97.339996,40382900,977
2016-07-26,96.82,96.669998,56239800,978
2016-07-27,104.269997,102.949997,92344800,979
2016-07-28,102.830002,104.339996,39869800,980
2016-07-29,104.190002,104.209999,27733700,981
2016-08-01,104.410004,106.050003,38167900,982
2016-08-02,106.050003,104.480003,33816600,983
2016-08-03,104.809998,105.790001,30202600,984
2016-08-04,105.580002,105.870003,27408700,985
2016-08-05,106.269997,107.480003,40553400,986
2016-08-08,107.519997,108.370003,28037200,987
2016-08-09,108.230003,108.809998,26315200,988
2016-08-10,108.709999,108,24008500,989
2016-08-11,108.519997,107.93,27484500,990
2016-08-12,107.779999,108.18,18660400,991
2016-08-15,108.139999,109.480003,25868200,992
2016-08-16,109.629997,109.379997,33794400,993
2016-08-17,109.099998,109.220001,25356000,994
2016-08-18,109.230003,109.080002,21984700,995
2016-08-19,108.769997,109.360001,25368100,996
2016-08-22,108.860001,108.510002,25820200,997
2016-08-23,108.589996,108.849998,21257700,998
2016-08-24,108.57,108.029999,23675100,999
2016-08-25,107.389999,107.57,25086200,1000
2016-08-26,107.410004,106.940002,27766300,1001
2016-08-29,106.620003,106.82,24970300,1002
2016-08-30,105.800003,106,24863900,1003
2016-08-31,105.660004,106.099998,29662400,1004
2016-09-01,106.139999,106.730003,26701500,1005
2016-09-02,107.699997,107.730003,26802500,1006
2016-09-06,107.900002,107.699997,26880400,1007
2016-09-07,107.830002,108.360001,42364300,1008
2016-09-08,107.25,105.519997,53002000,1009
2016-09-09,104.639999,103.129997,46557000,1010
2016-09-12,102.650002,105.440002,45292800,1011
2016-09-13,107.510002,107.949997,62176200,1012
2016-09-14,108.730003,111.769997,110888700,1013
2016-09-15,113.860001,115.57,89983600,1014
2016-09-16,115.120003,114.919998,79886900,1015
2016-09-19,115.190002,113.580002,47023000,1016
2016-09-20,113.050003,113.57,34514300,1017
2016-09-21,113.849998,113.550003,36003200,1018
2016-09-22,114.349998,114.620003,31074000,1019
2016-09-23,114.419998,112.709999,52481200,1020
2016-09-26,111.639999,112.879997,29869400,1021
2016-09-27,113,113.089996,24607400,1022
2016-09-28,113.690002,113.949997,29641100,1023
2016-09-29,113.160004,112.18,35887000,1024
2016-09-30,112.459999,113.050003,36379100,1025
2016-10-03,112.709999,112.519997,21701800,1026
2016-10-04,113.059998,113,29736800,1027
2016-10-05,113.400002,113.050003,21453100,1028
2016-10-06,113.699997,113.889999,28779300,1029
2016-10-07,114.309998,114.059998,24358400,1030
2016-10-10,115.019997,116.050003,36236000,1031
2016-10-11,117.699997,116.300003,64041000,1032
2016-10-12,117.349998,117.339996,37586800,1033
2016-10-13,116.790001,116.980003,35192400,1034
2016-10-14,117.879997,117.629997,35652200,1035
2016-10-17,117.330002,117.550003,23624900,1036
2016-10-18,118.18,117.470001,24553500,1037
2016-10-19,117.25,117.120003,20034600,1038
2016-10-20,116.860001,117.059998,24125800,1039
2016-10-21,116.809998,116.599998,23192700,1040
2016-10-24,117.099998,117.650002,23538700,1041
2016-10-25,117.949997,118.25,48129000,1042
2016-10-26,114.309998,115.589996,66134200,1043
2016-10-27,115.389999,114.480003,34562000,1044
2016-10-28,113.870003,113.720001,37861700,1045
2016-10-31,113.650002,113.540001,26419400,1046
2016-11-01,113.459999,111.489998,43825800,1047
2016-11-02,111.400002,111.589996,28331700,1048
2016-11-03,110.980003,109.830002,26932600,1049
2016-11-04,108.529999,108.839996,30837000,1050
2016-11-07,110.080002,110.410004,32560000,1051
2016-11-08,110.309998,111.059998,24054500,1052
2016-11-09,109.879997,110.879997,59176400,1053
2016-11-10,111.089996,107.790001,57134500,1054
2016-11-11,107.120003,108.43,34094100,1055
2016-11-14,107.709999,105.709999,51175500,1056
2016-11-15,106.57,107.110001,32264500,1057
2016-11-16,106.699997,109.989998,58840500,1058
2016-11-17,109.809998,109.949997,27632000,1059
2016-11-18,109.720001,110.059998,28428900,1060
2016-11-21,110.120003,111.730003,29264600,1061
2016-11-22,111.949997,111.800003,25965500,1062
2016-11-23,111.360001,111.230003,27426400,1063
2016-11-25,111.129997,111.790001,11475900,1064
2016-11-28,111.43,111.57,27194000,1065
2016-11-29,110.779999,111.459999,28528800,1066
2016-11-30,111.599998,110.519997,36162300,1067
2016-12-01,110.370003,109.489998,37086900,1068
2016-12-02,109.169998,109.900002,26528000,1069
2016-12-05,110,109.110001,34324500,1070
2016-12-06,109.5,109.949997,26195500,1071
2016-12-07,109.260002,111.029999,29998700,1072
2016-12-08,110.860001,112.120003,27068300,1073
2016-12-09,112.309998,113.949997,34402600,1074
2016-12-12,113.290001,113.300003,26374400,1075
2016-12-13,113.839996,115.190002,43733800,1076
2016-12-14,115.040001,115.190002,34031800,1077
2016-12-15,115.379997,115.82,46524500,1078
2016-12-16,116.470001,115.970001,44351100,1079
2016-12-19,115.800003,116.639999,27779400,1080
2016-12-20,116.739998,116.949997,21425000,1081
2016-12-21,116.800003,117.059998,23783200,1082
2016-12-22,116.349998,116.290001,26085900,1083
2016-12-23,115.589996,116.519997,14181200,1084
2016-12-27,116.519997,117.260002,18296900,1085
2016-12-28,117.519997,116.760002,20905900,1086
2016-12-29,116.449997,116.730003,15039500,1087
2016-12-30,116.650002,115.82,30586300,1088
2017-01-03,115.800003,116.150002,28781900,1089
2017-01-04,115.849998,116.019997,21118100,1090
2017-01-05,115.919998,116.610001,22193600,1091
2017-01-06,116.779999,117.910004,31751900,1092
2017-01-09,117.949997,118.989998,33561900,1093
2017-01-10,118.769997,119.110001,24462100,1094
2017-01-11,118.739998,119.75,27588600,1095
2017-01-12,118.900002,119.25,27086200,1096
2017-01-13,119.110001,119.040001,26111900,1097
2017-01-17,118.339996,120,34439800,1098
2017-01-18,120,119.989998,23713000,1099
2017-01-19,119.400002,119.779999,25597300,1100
2017-01-20,120.449997,120,32597900,1101
2017-01-23,120,120.080002,22050200,1102
2017-01-24,119.550003,119.970001,23211000,1103
2017-01-25,120.419998,121.879997,32377600,1104
2017-01-26,121.669998,121.940002,26337600,1105
2017-01-27,122.139999,121.949997,20562900,1106
2017-01-30,120.93,121.629997,30377500,1107
2017-01-31,121.150002,121.349998,49201000,1108
2017-02-01,127.029999,128.75,111985000,1109
2017-02-02,127.980003,128.529999,33710400,1110
2017-02-03,128.309998,129.080002,24507300,1111
2017-02-06,129.130005,130.289993,26845900,1112
2017-02-07,130.539993,131.529999,38183800,1113
2017-02-08,131.350006,132.039993,23004100,1114
2017-02-09,131.649994,132.419998,28349900,1115
2017-02-10,132.460007,132.119995,20065500,1116
2017-02-13,133.080002,133.289993,23035400,1117
2017-02-14,133.470001,135.020004,33226200,1118
2017-02-15,135.520004,135.509995,35623100,1119
2017-02-16,135.669998,135.350006,22584600,1120
2017-02-17,135.100006,135.720001,22198200,1121
2017-02-21,136.229996,136.699997,24507200,1122
2017-02-22,136.429993,137.110001,20836900,1123
2017-02-23,137.380005,136.529999,20788200,1124
2017-02-24,135.910004,136.660004,21776600,1125
2017-02-27,137.139999,136.929993,20257400,1126
2017-02-28,137.080002,136.990005,23482900,1127
2017-03-01,137.889999,139.789993,36414600,1128
2017-03-02,140,138.960007,26211000,1129
2017-03-03,138.779999,139.779999,21108100,1130
2017-03-06,139.369995,139.339996,21750000,1131
2017-03-07,139.059998,139.520004,17446300,1132
2017-03-08,138.949997,139,18707200,1133
2017-03-09,138.740005,138.679993,22155900,1134
2017-03-10,139.25,139.139999,19612800,1135
2017-03-13,138.850006,139.199997,17421700,1136
2017-03-14,139.300003,138.990005,15309100,1137
2017-03-15,139.410004,140.460007,25691800,1138
2017-03-16,140.720001,140.690002,19232000,1139
2017-03-17,141,139.990005,43885000,1140
2017-03-20,140.399994,141.460007,21542000,1141
2017-03-21,142.110001,139.839996,39529900,1142
2017-03-22,139.850006,141.419998,25860200,1143
2017-03-23,141.259995,140.919998,20346300,1144
2017-03-24,141.5,140.639999,22395600,1145
2017-03-27,139.389999,140.880005,23575100,1146
2017-03-28,140.910004,143.800003,33374800,1147
2017-03-29,143.679993,144.119995,29190000,1148
2017-03-30,144.190002,143.929993,21207300,1149
2017-03-31,143.720001,143.660004,19661700,1150
2017-04-03,143.710007,143.699997,19985700,1151
2017-04-04,143.25,144.770004,19891400,1152
2017-04-05,144.220001,144.020004,27717900,1153
2017-04-06,144.289993,143.660004,21149000,1154
2017-04-07,143.729996,143.339996,16672200,1155
2017-04-10,143.600006,143.169998,18933400,1156
2017-04-11,142.940002,141.630005,30379400,1157
2017-04-12,141.600006,141.800003,20350000,1158
2017-04-13,141.910004,141.050003,17822900,1159
2017-04-17,141.479996,141.830002,16582100,1160
2017-04-18,141.410004,141.199997,14697500,1161
2017-04-19,141.880005,140.679993,17328400,1162
2017-04-20,141.220001,142.440002,23319600,1163
2017-04-21,142.440002,142.270004,17320900,1164
2017-04-24,143.5,143.639999,17134300,1165
2017-04-25,143.910004,144.529999,18871500,1166
2017-04-26,144.470001,143.679993,20041200,1167
2017-04-27,143.919998,143.789993,14246300,1168
2017-04-28,144.089996,143.649994,20860400,1169
2017-05-01,145.100006,146.580002,33602900,1170
2017-05-02,147.539993,147.509995,45352200,1171
2017-05-03,145.589996,147.059998,45697000,1172
2017-05-04,146.520004,146.529999,23371900,1173
2017-05-05,146.759995,148.960007,27327700,1174
2017-05-08,149.029999,153.009995,48752400,1175
2017-05-09,153.869995,153.990005,39130400,1176
2017-05-10,153.630005,153.259995,25805700,1177
2017-05-11,152.449997,153.949997,27255100,1178
2017-05-12,154.699997,156.100006,32527000,1179
2017-05-15,156.009995,155.699997,26009700,1180
2017-05-16,155.940002,155.470001,20048500,1181
2017-05-17,153.600006,150.25,50767700,1182
2017-05-18,151.270004,152.539993,33568200,1183
2017-05-19,153.380005,153.059998,26960800,1184
2017-05-22,154,153.990005,22966400,1185
2017-05-23,154.899994,153.800003,19918900,1186
2017-05-24,153.839996,153.339996,19178000,1187
2017-05-25,153.729996,153.869995,19235600,1188
2017-05-26,154,153.610001,21701100,1189
2017-05-30,153.419998,153.669998,20126900,1190
2017-05-31,153.970001,152.759995,24451200,1191
2017-06-01,153.169998,153.179993,16404100,1192
2017-06-02,153.580002,155.449997,27770700,1193
2017-06-05,154.339996,153.929993,25331700,1194
2017-06-06,153.899994,154.449997,26624900,1195
2017-06-07,155.020004,155.369995,21069600,1196
2017-06-08,155.25,154.990005,21250800,1197
2017-06-09,155.190002,148.979996,64882700,1198
2017-06-12,145.740005,145.419998,72307300,1199
2017-06-13,147.160004,146.589996,34165400,1200
2017-06-14,147.5,145.160004,31531200,1201
2017-06-15,143.320007,144.289993,32165400,1202
2017-06-16,143.779999,142.270004,50361100,1203
2017-06-19,143.660004,146.339996,32541400,1204
2017-06-20,146.869995,145.009995,24900100,1205
2017-06-21,145.520004,145.869995,21265800,1206
2017-06-22,145.770004,145.630005,19106300,1207
2017-06-23,145.130005,146.279999,35439400,1208
2017-06-26,147.169998,145.820007,25692400,1209
2017-06-27,145.009995,143.729996,24761900,1210
2017-06-28,144.490005,145.830002,22082400,1211
2017-06-29,144.710007,143.679993,31499400,1212
2017-06-30,144.449997,144.020004,23024100,1213
2017-07-03,144.880005,143.5,14258300,1214
2017-07-05,143.690002,144.089996,21569600,1215
2017-07-06,143.020004,142.729996,24128800,1216
2017-07-07,142.899994,144.179993,19201700,1217
2017-07-10,144.110001,145.059998,21090600,1218
2017-07-11,144.729996,145.529999,19781800,1219
2017-07-12,145.869995,145.740005,24884500,1220
2017-07-13,145.5,147.770004,25199400,1221
2017-07-14,147.970001,149.039993,20132100,1222
2017-07-17,148.820007,149.559998,23793500,1223
2017-07-18,149.199997,150.080002,17868800,1224
2017-07-19,150.479996,151.020004,20923000,1225
2017-07-20,151.5,150.339996,17243700,1226
2017-07-21,149.990005,150.270004,26252600,1227
2017-07-24,150.580002,152.089996,21493200,1228
2017-07-25,151.800003,152.740005,18853900,1229
2017-07-26,153.350006,153.460007,15781000,1230
2017-07-27,153.75,150.559998,32476300,1231
2017-07-28,149.889999,149.5,17213700,1232
2017-07-31,149.899994,148.729996,19845900,1233
2017-08-01,149.100006,150.050003,35368600,1234
2017-08-02,159.279999,157.139999,69936800,1235
2017-08-03,157.050003,155.570007,27097300,1236
2017-08-04,156.070007,156.389999,20559900,1237
2017-08-07,157.059998,158.809998,21870300,1238
2017-08-08,158.600006,160.080002,36205900,1239
2017-08-09,159.259995,161.059998,26131500,1240
2017-08-10,159.899994,155.320007,40804300,1241
2017-08-11,156.600006,157.479996,26257100,1242
2017-08-14,159.320007,159.850006,22028200,1243
2017-08-15,160.660004,161.600006,29465500,1244
2017-08-16,161.940002,160.949997,27671600,1245
2017-08-17,160.520004,157.860001,27940600,1246
2017-08-18,157.860001,157.5,27428100,1247
2017-08-21,157.5,157.210007,26368500,1248
2017-08-22,158.229996,159.779999,21604600,1249
2017-08-23,159.070007,159.979996,19399100,1250
2017-08-24,160.429993,159.270004,19818900,1251
2017-08-25,159.649994,159.860001,25480100,1252
2017-08-28,160.139999,161.470001,25966000,1253
2017-08-29,160.100006,162.910004,29516900,1254
2017-08-30,163.800003,163.350006,27269600,1255
2017-08-31,163.639999,164,26785100,1256
2017-09-01,164.800003,164.050003,16552800,1257
